pid,frame_nb,o_sound,o_speech_act
0,0,M,N
0,1,M,N
0,2,M,N
0,3,M,N
0,4,M,N
0,5,M,N
0,6,M,N
0,7,M,N
0,8,M,N
0,9,M,N
0,10,M,N
0,11,M,N
0,12,M,E
0,13,M,E
0,14,M,E
0,15,M,E
0,16,M,E
0,17,M,E
0,18,M,E
0,19,M,E
0,20,M,N
0,21,M,N
0,22,M,N
0,23,M,N
0,24,M,N
0,25,M,N
0,26,M,N
0,27,M,N
0,28,M,N
0,29,M,N
0,30,M,N
0,31,M,N
0,32,M,N
0,33,M,N
0,34,M,D
0,35,M,D
0,36,M,D
0,37,M,D
0,38,M,D
0,39,M,N
0,40,M,N
0,41,M,E
0,42,M,E
0,43,M,E
0,44,M,E
0,45,M,N
0,46,M,N
0,47,M,N
0,48,M,N
0,49,M,N
0,50,M,N
0,51,M,N
0,52,M,N
0,53,M,N
0,54,M,N
0,55,M,N
0,56,M,N
0,57,M,N
0,58,M,N
0,59,M,N
0,60,M,D
0,61,M,D
0,62,M,D
0,63,M,N
0,64,M,N
0,65,M,N
0,66,M,E
0,67,M,E
0,68,M,E
0,69,M,E
0,70,M,N
0,71,M,N
0,72,M,N
0,73,M,N
0,74,M,E
0,75,M,E
0,76,M,E
0,77,M,E
0,78,M,N
0,79,M,N
0,80,M,N
0,81,M,E
0,82,M,E
0,83,M,E
0,84,M,E
0,85,M,N
0,86,M,N
0,87,M,N
0,88,M,S
0,89,M,S
0,90,M,S
0,91,M,N
0,92,M,N
0,93,M,S
0,94,M,S
0,95,M,S
0,96,M,S
0,97,M,N
0,98,M,N
0,99,M,N
0,100,M,N
0,101,M,N
0,102,M,N
0,103,M,N
0,104,M,N
0,105,M,N
0,106,M,N
0,107,M,N
0,108,M,N
0,109,M,N
0,110,M,N
0,111,M,N
0,112,M,N
0,113,M,N
0,114,M,N
0,115,M,N
0,116,M,N
0,117,M,N
0,118,M,N
0,119,M,S
0,120,M,S
0,121,M,S
0,122,M,S
0,123,M,S
0,124,M,S
0,125,M,S
0,126,M,S
0,127,M,N
0,128,M,N
0,129,M,N
0,130,M,S
0,131,M,S
0,132,M,S
0,133,M,S
0,134,M,N
0,135,M,N
0,136,M,N
0,137,M,N
0,138,M,S
0,139,M,S
0,140,M,S
0,141,M,N
0,142,M,N
0,143,M,N
0,144,M,S
0,145,M,S
0,146,M,S
0,147,M,S
0,148,M,S
0,149,M,N
0,150,M,N
0,151,M,N
0,152,M,N
0,153,M,N
0,154,M,N
0,155,M,N
0,156,M,N
0,157,M,N
0,158,M,N
0,159,M,N
0,160,M,N
0,161,M,N
0,162,M,E
0,163,M,E
0,164,M,E
0,165,M,E
0,166,M,N
0,167,M,N
0,168,M,N
0,169,M,N
0,170,M,N
0,171,M,N
0,172,M,N
0,173,M,N
0,174,M,N
0,175,M,N
0,176,M,N
0,177,M,N
0,178,M,N
0,179,M,N
0,180,M,S
0,181,M,S
0,182,M,S
0,183,M,S
0,184,M,N
0,185,M,N
0,186,M,N
0,187,M,N
0,188,M,N
0,189,M,N
0,190,M,N
0,191,M,N
0,192,M,N
0,193,M,N
0,194,M,N
0,195,M,N
0,196,M,N
0,197,M,N
0,198,M,N
0,199,M,N
0,200,M,N
0,201,M,N
0,202,M,N
0,203,M,N
0,204,M,N
0,205,M,N
0,206,M,N
0,207,M,N
0,208,M,N
0,209,M,N
0,210,M,N
0,211,M,N
0,212,M,N
0,213,M,N
0,214,M,N
0,215,M,N
0,216,M,N
0,217,M,N
0,218,M,N
0,219,M,N
0,220,M,N
0,221,M,N
0,222,M,N
0,223,M,N
0,224,M,N
0,225,M,N
0,226,M,N
0,227,M,N
0,228,M,N
0,229,M,N
0,230,M,N
0,231,M,N
0,232,M,N
0,233,M,N
0,234,M,N
0,235,M,N
0,236,M,N
0,237,M,N
0,238,M,N
0,239,M,N
0,240,M,N
0,241,M,N
0,242,M,N
0,243,M,N
0,244,M,N
0,245,M,S
0,246,M,S
0,247,M,S
0,248,M,S
0,249,M,N
0,250,M,N
0,251,M,N
0,252,M,N
0,253,M,N
0,254,M,N
0,255,M,N
0,256,M,N
0,257,M,N
0,258,M,N
0,259,M,N
0,260,M,N
0,261,M,N
0,262,M,N
0,263,M,N
0,264,M,N
0,265,M,D
0,266,M,D
0,267,M,D
0,268,M,N
0,269,M,N
0,270,M,N
0,271,M,N
0,272,M,N
0,273,M,N
0,274,M,N
0,275,M,N
0,276,M,N
0,277,M,N
0,278,M,N
0,279,M,N
0,280,M,N
0,281,M,S
0,282,M,S
0,283,M,S
0,284,M,N
0,285,M,N
0,286,M,N
0,287,M,N
0,288,M,N
0,289,M,N
0,290,M,N
0,291,M,N
0,292,M,N
0,293,M,N
0,294,M,N
0,295,M,N
0,296,M,N
0,297,M,N
0,298,M,N
0,299,M,N
0,300,M,N
0,301,M,N
0,302,M,N
0,303,M,N
0,304,M,N
0,305,M,N
0,306,M,N
0,307,M,N
0,308,M,N
0,309,M,N
0,310,M,N
0,311,M,N
0,312,M,N
0,313,M,S
0,314,M,S
0,315,M,S
0,316,M,S
0,317,M,N
0,318,M,N
0,319,M,N
0,320,M,N
0,321,M,N
0,322,M,N
0,323,M,N
0,324,M,N
0,325,M,N
0,326,M,N
0,327,M,N
0,328,M,N
0,329,M,N
0,330,M,N
0,331,M,N
0,332,M,N
0,333,M,N
0,334,M,N
0,335,M,N
0,336,M,N
0,337,M,N
0,338,M,N
0,339,M,N
0,340,M,N
0,341,M,N
0,342,M,N
0,343,M,N
0,344,M,N
0,345,M,N
0,346,M,N
0,347,M,N
0,348,M,E
0,349,M,E
0,350,M,E
0,351,M,E
0,352,M,E
0,353,M,N
0,354,M,E
0,355,M,E
0,356,M,E
0,357,M,N
0,358,M,N
0,359,M,N
0,360,M,N
0,361,M,N
0,362,M,N
0,363,M,N
0,364,M,N
0,365,M,N
0,366,M,N
0,367,M,N
0,368,M,N
0,369,M,N
0,370,M,N
0,371,M,N
0,372,M,N
0,373,M,N
0,374,M,N
0,375,M,N
0,376,M,N
0,377,M,N
0,378,M,D
0,379,M,D
0,380,M,D
0,381,M,D
0,382,M,N
0,383,M,N
0,384,M,D
0,385,M,D
0,386,M,D
0,387,M,N
0,388,M,N
0,389,M,N
0,390,M,N
0,391,M,N
0,392,M,N
0,393,M,D
0,394,M,D
0,395,M,D
0,396,M,D
0,397,M,D
0,398,M,D
0,399,M,N
0,400,M,N
0,401,M,N
0,402,M,N
0,403,M,N
0,404,M,N
0,405,M,N
0,406,M,N
0,407,M,N
0,408,M,N
0,409,M,N
0,410,M,N
0,411,M,N
0,412,M,N
0,413,M,N
0,414,M,N
0,415,M,N
0,416,M,N
0,417,M,N
0,418,M,D
0,419,M,D
0,420,M,D
0,421,M,D
0,422,M,D
0,423,M,D
0,424,M,D
0,425,M,N
0,426,M,N
0,427,M,N
0,428,M,N
0,429,M,N
0,430,M,D
0,431,M,D
0,432,M,D
0,433,M,D
0,434,M,N
0,435,M,N
0,436,M,N
0,437,M,N
0,438,M,N
0,439,M,N
0,440,M,N
0,441,M,N
0,442,M,N
0,443,M,N
0,444,M,N
0,445,M,N
0,446,M,N
0,447,M,N
0,448,M,N
0,449,M,N
0,450,M,N
0,451,M,N
0,452,M,N
0,453,M,N
0,454,M,N
0,455,M,N
0,456,M,N
0,457,M,N
0,458,M,N
0,459,M,S
0,460,M,S
0,461,M,S
0,462,M,S
0,463,M,S
0,464,M,N
0,465,M,N
0,466,M,N
0,467,M,N
0,468,M,N
0,469,M,N
0,470,M,N
0,471,M,N
0,472,M,N
0,473,M,N
0,474,M,N
0,475,M,N
0,476,M,N
0,477,M,N
0,478,M,S
0,479,M,S
0,480,M,S
0,481,M,S
0,482,M,N
0,483,M,N
0,484,M,N
0,485,M,B
0,486,M,B
0,487,M,B
0,488,M,B
0,489,M,B
0,490,M,N
0,491,M,N
0,492,M,N
0,493,M,N
0,494,M,B
0,495,M,B
0,496,M,B
0,497,M,N
0,498,M,N
0,499,M,N
0,500,M,N
0,501,M,N
0,502,M,N
0,503,M,N
0,504,M,N
0,505,M,N
0,506,M,N
0,507,M,N
0,508,M,D
0,509,M,D
0,510,M,D
0,511,M,D
0,512,M,D
0,513,M,D
0,514,M,N
0,515,M,N
0,516,M,N
0,517,M,N
0,518,M,D
0,519,M,D
0,520,M,D
0,521,M,N
0,522,M,N
0,523,M,N
0,524,M,N
0,525,M,N
0,526,M,N
0,527,M,N
0,528,M,N
0,529,M,N
0,530,M,N
0,531,M,N
0,532,M,N
0,533,M,N
0,534,M,N
0,535,M,N
0,536,M,N
0,537,M,N
0,538,M,N
0,539,M,N
0,540,M,N
0,541,M,N
0,542,M,N
0,543,M,N
0,544,M,N
0,545,M,N
0,546,M,N
0,547,M,N
0,548,M,N
0,549,M,D
0,550,M,D
0,551,M,D
0,552,M,D
0,553,M,N
0,554,M,N
0,555,M,N
0,556,M,N
0,557,M,N
0,558,M,N
0,559,M,N
0,560,M,N
0,561,M,N
0,562,M,N
0,563,M,N
0,564,M,N
0,565,M,N
0,566,M,N
0,567,M,N
0,568,M,N
0,569,M,N
0,570,M,N
0,571,M,N
0,572,M,N
0,573,M,N
0,574,M,N
0,575,M,N
0,576,M,N
0,577,M,N
0,578,M,E
0,579,M,E
0,580,M,E
0,581,M,E
0,582,M,N
0,583,M,N
0,584,M,N
0,585,M,N
0,586,M,N
0,587,M,N
0,588,M,N
0,589,M,N
0,590,M,N
0,591,M,N
0,592,M,N
0,593,M,N
0,594,M,N
0,595,M,N
0,596,M,N
0,597,M,N
0,598,M,N
0,599,M,E
0,600,M,E
0,601,M,E
0,602,M,E
0,603,M,E
0,604,M,N
0,605,M,N
0,606,M,N
0,607,M,N
0,608,M,N
0,609,M,N
0,610,M,N
0,611,M,N
0,612,M,N
0,613,M,N
0,614,M,N
0,615,M,N
0,616,M,N
0,617,M,N
0,618,M,N
0,619,M,N
0,620,M,N
0,621,M,N
0,622,M,N
0,623,M,N
0,624,M,N
0,625,M,N
0,626,M,N
0,627,M,N
0,628,M,N
0,629,M,N
0,630,M,N
0,631,M,N
0,632,M,N
0,633,M,N
0,634,M,N
0,635,M,N
0,636,M,N
0,637,M,E
0,638,M,E
0,639,M,E
0,640,M,E
0,641,M,E
0,642,M,N
0,643,M,N
0,644,M,N
0,645,M,N
0,646,M,N
0,647,M,N
0,648,M,N
0,649,M,N
0,650,M,N
0,651,M,E
0,652,M,E
0,653,M,E
0,654,M,E
0,655,M,E
0,656,M,N
0,657,M,N
0,658,M,N
0,659,M,N
0,660,M,N
0,661,M,N
0,662,M,N
0,663,M,N
0,664,M,N
0,665,M,N
0,666,M,N
0,667,M,N
0,668,M,N
0,669,M,N
0,670,M,N
0,671,M,N
0,672,M,N
0,673,M,N
0,674,M,N
0,675,M,N
0,676,M,N
0,677,M,N
0,678,M,N
0,679,M,N
0,680,M,N
0,681,M,N
0,682,M,N
0,683,M,N
0,684,M,N
0,685,M,N
0,686,M,N
0,687,M,N
0,688,M,N
0,689,M,N
0,690,M,N
0,691,M,N
0,692,M,N
0,693,M,N
0,694,M,N
0,695,M,N
0,696,M,N
0,697,M,D
0,698,M,D
0,699,M,D
0,700,M,D
0,701,M,N
0,702,M,N
0,703,M,N
0,704,M,N
0,705,M,N
0,706,M,N
0,707,M,N
0,708,M,N
0,709,M,N
0,710,M,N
0,711,M,N
0,712,M,N
0,713,M,N
0,714,M,N
0,715,M,N
0,716,M,N
0,717,M,N
0,718,M,N
0,719,M,N
0,720,M,N
0,721,M,N
0,722,M,N
0,723,M,N
0,724,M,N
0,725,M,N
0,726,M,N
0,727,M,E
0,728,M,E
0,729,M,E
0,730,M,E
0,731,M,E
0,732,M,E
0,733,M,N
0,734,M,N
0,735,M,N
0,736,M,N
0,737,M,N
0,738,M,N
0,739,M,N
0,740,M,N
0,741,M,N
0,742,M,N
0,743,M,N
0,744,M,N
0,745,M,N
0,746,M,N
0,747,M,N
0,748,M,N
0,749,M,N
0,750,M,N
0,751,M,N
0,752,M,N
0,753,M,N
0,754,M,N
0,755,M,N
0,756,M,N
0,757,M,N
0,758,M,N
0,759,M,N
0,760,M,N
0,761,M,N
0,762,M,N
0,763,M,N
0,764,M,N
0,765,M,N
0,766,M,N
0,767,M,N
0,768,M,N
0,769,M,N
0,770,M,N
0,771,M,N
0,772,M,N
0,773,M,N
0,774,M,N
0,775,M,N
0,776,M,N
0,777,M,N
0,778,M,N
0,779,M,N
0,780,M,N
0,781,M,N
0,782,M,N
0,783,M,N
0,784,M,N
0,785,M,N
0,786,M,N
0,787,M,N
0,788,M,N
0,789,M,N
0,790,M,N
0,791,M,N
0,792,M,E
0,793,M,E
0,794,M,E
0,795,M,E
0,796,M,E
0,797,M,N
0,798,M,N
0,799,M,N
0,800,M,N
0,801,M,N
0,802,M,N
0,803,M,N
0,804,M,N
0,805,M,N
0,806,M,N
0,807,M,N
0,808,M,N
0,809,M,N
0,810,M,N
0,811,M,N
0,812,M,N
0,813,M,N
0,814,M,N
0,815,M,N
0,816,M,N
0,817,M,N
0,818,M,N
0,819,M,N
0,820,M,N
0,821,M,N
0,822,M,N
0,823,M,N
0,824,M,N
0,825,M,N
0,826,M,N
0,827,M,N
0,828,M,N
0,829,M,N
0,830,M,E
0,831,M,E
0,832,M,E
0,833,M,E
0,834,M,N
0,835,M,D
0,836,M,D
0,837,M,D
0,838,M,D
0,839,M,D
0,840,M,D
0,841,M,N
0,842,M,N
0,843,M,N
0,844,M,N
0,845,M,N
0,846,M,N
0,847,M,N
0,848,M,N
0,849,M,N
0,850,M,N
0,851,M,N
0,852,M,N
0,853,M,N
0,854,M,N
0,855,M,N
0,856,M,N
0,857,M,N
0,858,M,N
0,859,M,N
0,860,M,N
0,861,M,N
0,862,M,N
0,863,M,N
0,864,M,N
0,865,M,N
0,866,M,N
0,867,M,N
0,868,M,N
0,869,M,N
0,870,M,N
0,871,M,N
0,872,M,N
0,873,M,E
0,874,M,E
0,875,M,E
0,876,M,E
0,877,M,E
0,878,M,N
0,879,M,N
0,880,M,N
0,881,M,N
0,882,M,N
0,883,M,N
0,884,M,N
0,885,M,N
0,886,M,N
0,887,M,N
0,888,M,N
0,889,M,N
0,890,M,N
0,891,M,N
0,892,M,N
0,893,M,N
0,894,M,N
0,895,M,N
0,896,M,N
0,897,M,N
0,898,M,N
0,899,M,N
0,900,M,N
0,901,M,N
0,902,M,N
0,903,M,N
0,904,M,N
0,905,M,N
0,906,M,N
0,907,M,N
0,908,M,N
0,909,M,N
0,910,M,N
0,911,M,N
0,912,M,N
0,913,M,N
0,914,M,N
0,915,M,N
0,916,M,N
0,917,M,N
0,918,M,N
0,919,M,N
0,920,M,N
0,921,M,N
0,922,M,N
0,923,M,N
0,924,M,N
0,925,M,N
0,926,M,N
0,927,M,N
0,928,M,N
0,929,M,N
0,930,M,N
0,931,M,N
0,932,M,S
0,933,M,S
0,934,M,S
0,935,M,S
0,936,M,N
0,937,M,N
0,938,M,N
0,939,M,N
0,940,M,N
0,941,M,N
0,942,M,N
0,943,M,N
0,944,M,N
0,945,M,N
0,946,M,N
0,947,M,N
0,948,M,N
0,949,M,S
0,950,M,S
0,951,M,S
0,952,M,S
0,953,M,S
0,954,M,N
0,955,M,N
0,956,M,N
0,957,M,N
0,958,M,N
0,959,M,N
0,960,M,N
0,961,M,N
0,962,M,N
0,963,M,N
0,964,M,N
0,965,M,N
0,966,M,N
0,967,M,N
0,968,M,N
0,969,M,N
0,970,M,N
0,971,M,N
0,972,M,N
0,973,M,N
0,974,M,N
0,975,M,N
0,976,M,N
0,977,M,N
0,978,M,N
0,979,M,N
0,980,M,N
0,981,M,N
0,982,M,N
0,983,M,N
0,984,M,N
0,985,M,N
0,986,M,N
0,987,M,N
0,988,M,N
0,989,M,N
0,990,M,N
0,991,M,N
0,992,M,N
0,993,M,N
0,994,M,N
0,995,M,N
0,996,M,N
0,997,M,N
0,998,M,N
0,999,M,N
0,1000,M,N
0,1001,M,N
0,1002,M,N
0,1003,M,N
0,1004,M,N
0,1005,M,N
0,1006,M,N
0,1007,M,N
0,1008,M,N
0,1009,M,N
0,1010,M,N
0,1011,M,N
0,1012,M,N
0,1013,M,N
0,1014,M,N
0,1015,M,D
0,1016,M,D
0,1017,M,D
0,1018,M,D
0,1019,M,N
0,1020,M,N
0,1021,M,N
0,1022,M,N
0,1023,M,N
0,1024,M,N
0,1025,M,N
0,1026,M,N
0,1027,M,S
0,1028,M,S
0,1029,M,S
0,1030,M,S
0,1031,M,S
0,1032,M,S
0,1033,M,S
0,1034,M,S
0,1035,M,N
0,1036,M,S
0,1037,M,S
0,1038,M,S
0,1039,M,S
0,1040,M,S
0,1041,M,S
0,1042,M,S
0,1043,M,N
0,1044,M,N
0,1045,M,N
0,1046,M,N
0,1047,M,N
0,1048,M,N
0,1049,M,N
0,1050,M,N
0,1051,M,N
0,1052,M,N
0,1053,M,N
0,1054,M,N
0,1055,M,N
0,1056,M,N
0,1057,M,N
0,1058,M,N
0,1059,M,N
0,1060,M,N
0,1061,M,N
0,1062,M,N
0,1063,M,N
0,1064,M,N
0,1065,M,N
0,1066,M,N
0,1067,M,N
0,1068,M,N
0,1069,M,N
0,1070,M,N
0,1071,M,N
0,1072,M,N
0,1073,M,N
0,1074,M,N
0,1075,M,N
0,1076,M,N
0,1077,M,N
0,1078,M,N
0,1079,M,N
0,1080,M,N
0,1081,M,N
0,1082,M,N
0,1083,M,N
0,1084,M,N
0,1085,M,N
0,1086,M,N
0,1087,M,N
0,1088,M,N
0,1089,M,N
0,1090,M,N
0,1091,M,N
0,1092,M,N
0,1093,M,N
0,1094,M,N
0,1095,M,N
0,1096,M,N
0,1097,M,N
0,1098,M,N
0,1099,M,N
0,1100,M,N
0,1101,M,N
0,1102,M,N
0,1103,M,N
0,1104,M,N
0,1105,M,N
0,1106,M,N
0,1107,M,N
0,1108,M,S
0,1109,M,S
0,1110,M,S
0,1111,M,S
0,1112,M,N
0,1113,M,N
0,1114,M,N
0,1115,M,N
0,1116,M,N
0,1117,M,N
0,1118,M,N
0,1119,M,N
0,1120,M,N
0,1121,M,N
0,1122,M,N
0,1123,M,E
0,1124,M,E
0,1125,M,E
0,1126,M,E
0,1127,M,E
0,1128,M,N
0,1129,M,N
0,1130,M,N
0,1131,M,N
0,1132,M,N
0,1133,M,N
0,1134,M,N
0,1135,M,N
0,1136,M,N
0,1137,M,N
0,1138,M,N
0,1139,M,N
0,1140,M,N
0,1141,M,N
0,1142,M,N
0,1143,M,N
0,1144,M,N
0,1145,M,N
0,1146,M,N
0,1147,M,N
0,1148,M,N
0,1149,M,N
0,1150,M,N
0,1151,M,N
0,1152,M,N
0,1153,M,N
0,1154,M,N
0,1155,M,N
0,1156,M,N
0,1157,M,N
0,1158,M,E
0,1159,M,E
0,1160,M,E
0,1161,M,E
0,1162,M,E
0,1163,M,N
0,1164,M,N
0,1165,M,N
0,1166,M,N
0,1167,M,N
0,1168,M,N
0,1169,M,N
0,1170,M,N
0,1171,M,N
0,1172,M,N
0,1173,M,N
0,1174,M,N
0,1175,M,N
0,1176,M,N
0,1177,M,N
0,1178,M,N
0,1179,M,N
0,1180,M,N
0,1181,M,N
0,1182,M,N
0,1183,M,N
0,1184,M,N
0,1185,M,N
0,1186,M,N
0,1187,M,N
0,1188,M,S
0,1189,M,S
0,1190,M,S
0,1191,M,S
0,1192,M,S
0,1193,M,N
0,1194,M,N
0,1195,M,N
0,1196,M,N
0,1197,M,N
0,1198,M,N
0,1199,M,N
0,1200,M,N
0,1201,M,N
0,1202,M,N
0,1203,M,N
0,1204,M,N
0,1205,M,N
0,1206,M,N
0,1207,M,N
0,1208,M,N
0,1209,M,N
0,1210,M,N
0,1211,M,N
0,1212,M,N
0,1213,M,N
0,1214,M,N
0,1215,M,N
0,1216,M,N
0,1217,M,N
0,1218,M,N
0,1219,M,N
0,1220,M,N
0,1221,M,N
0,1222,M,N
0,1223,M,N
0,1224,M,N
0,1225,M,S
0,1226,M,S
0,1227,M,S
0,1228,M,S
0,1229,M,N
0,1230,M,N
0,1231,M,N
0,1232,M,N
0,1233,M,N
0,1234,M,N
0,1235,M,N
0,1236,M,N
0,1237,M,N
0,1238,M,N
0,1239,M,N
0,1240,M,N
0,1241,M,N
0,1242,M,N
0,1243,M,N
0,1244,M,N
0,1245,M,S
0,1246,M,S
0,1247,M,S
0,1248,M,S
0,1249,M,N
0,1250,M,N
0,1251,M,N
0,1252,M,S
0,1253,M,S
0,1254,M,S
0,1255,M,S
0,1256,M,S
0,1257,M,S
0,1258,M,S
0,1259,M,S
0,1260,M,S
0,1261,M,S
0,1262,M,S
0,1263,M,N
0,1264,M,N
0,1265,M,S
0,1266,M,S
0,1267,M,S
0,1268,M,S
0,1269,M,S
0,1270,M,S
0,1271,M,S
0,1272,M,S
0,1273,M,N
0,1274,M,N
0,1275,M,N
0,1276,M,N
0,1277,M,N
0,1278,M,N
0,1279,M,N
0,1280,M,S
0,1281,M,S
0,1282,M,S
0,1283,M,S
0,1284,M,S
0,1285,M,S
0,1286,M,S
0,1287,M,S
0,1288,M,S
0,1289,M,N
0,1290,M,N
0,1291,M,N
0,1292,M,N
0,1293,M,N
0,1294,M,N
0,1295,M,N
0,1296,M,N
0,1297,M,N
0,1298,M,N
0,1299,M,N
0,1300,M,N
0,1301,M,N
0,1302,M,N
0,1303,M,N
0,1304,M,N
0,1305,M,N
0,1306,M,N
0,1307,M,N
0,1308,M,N
0,1309,M,N
0,1310,M,N
0,1311,M,N
0,1312,M,N
0,1313,M,N
0,1314,M,N
0,1315,M,N
0,1316,M,N
0,1317,M,N
0,1318,M,E
0,1319,M,E
0,1320,M,E
0,1321,M,E
0,1322,M,N
0,1323,M,N
0,1324,M,N
0,1325,M,N
0,1326,M,N
0,1327,M,N
0,1328,M,N
0,1329,M,N
0,1330,M,N
0,1331,M,N
0,1332,M,N
0,1333,M,N
0,1334,M,N
0,1335,M,N
0,1336,M,N
0,1337,M,N
0,1338,M,N
0,1339,M,N
0,1340,M,N
0,1341,M,N
0,1342,M,N
0,1343,M,N
0,1344,M,N
0,1345,M,N
0,1346,M,N
0,1347,M,N
0,1348,M,N
0,1349,M,N
0,1350,M,N
0,1351,M,N
0,1352,M,N
0,1353,M,N
0,1354,M,N
0,1355,M,N
0,1356,M,N
0,1357,M,N
0,1358,M,N
0,1359,M,N
0,1360,M,N
0,1361,M,N
0,1362,M,N
0,1363,M,N
0,1364,M,N
0,1365,M,N
0,1366,M,N
0,1367,M,N
0,1368,M,N
0,1369,M,N
0,1370,M,N
0,1371,M,N
0,1372,M,N
0,1373,M,N
0,1374,M,N
0,1375,M,N
0,1376,M,N
0,1377,M,N
0,1378,M,N
0,1379,M,N
0,1380,M,N
0,1381,M,N
0,1382,M,N
0,1383,M,N
0,1384,M,N
0,1385,M,N
0,1386,M,N
0,1387,M,N
0,1388,M,N
0,1389,M,N
0,1390,M,N
0,1391,M,N
0,1392,M,N
0,1393,M,N
0,1394,M,N
0,1395,M,N
0,1396,M,N
0,1397,M,N
0,1398,M,N
0,1399,M,N
0,1400,M,N
0,1401,M,N
0,1402,M,N
0,1403,M,N
0,1404,M,N
0,1405,M,N
0,1406,M,N
0,1407,M,N
0,1408,M,N
0,1409,M,N
0,1410,M,N
0,1411,M,N
0,1412,M,N
0,1413,M,N
0,1414,M,S
0,1415,M,S
0,1416,M,S
0,1417,M,N
0,1418,M,N
0,1419,M,N
0,1420,M,N
0,1421,M,N
0,1422,M,N
0,1423,M,N
0,1424,M,N
0,1425,M,N
0,1426,M,N
0,1427,M,N
0,1428,M,N
0,1429,M,N
0,1430,M,N
0,1431,M,N
0,1432,M,N
0,1433,M,N
0,1434,M,N
0,1435,M,N
0,1436,M,N
0,1437,M,N
0,1438,M,N
0,1439,M,N
0,1440,M,N
0,1441,M,D
0,1442,M,D
0,1443,M,D
0,1444,M,D
0,1445,M,N
0,1446,M,N
0,1447,M,N
0,1448,M,N
0,1449,M,N
0,1450,M,N
0,1451,M,D
0,1452,M,D
0,1453,M,D
0,1454,M,D
0,1455,M,D
0,1456,M,D
0,1457,M,B
0,1458,M,B
0,1459,M,B
0,1460,M,B
0,1461,M,N
0,1462,M,N
0,1463,M,N
0,1464,M,N
0,1465,M,N
0,1466,M,N
0,1467,M,N
0,1468,M,N
0,1469,M,N
0,1470,M,N
0,1471,M,N
0,1472,M,N
0,1473,M,N
0,1474,M,N
0,1475,M,N
0,1476,M,N
0,1477,M,N
0,1478,M,N
0,1479,M,N
0,1480,M,N
0,1481,M,N
0,1482,M,N
0,1483,M,N
0,1484,M,N
0,1485,M,N
0,1486,M,N
0,1487,M,N
0,1488,M,N
0,1489,M,N
0,1490,M,N
0,1491,M,N
0,1492,M,N
0,1493,M,N
0,1494,M,N
0,1495,M,N
0,1496,M,N
0,1497,M,N
0,1498,M,N
0,1499,M,N
0,1500,M,N
0,1501,M,E
0,1502,M,E
0,1503,M,E
0,1504,M,E
0,1505,M,N
0,1506,M,N
0,1507,M,N
0,1508,M,N
0,1509,M,N
0,1510,M,N
0,1511,M,N
0,1512,M,N
0,1513,M,N
0,1514,M,N
0,1515,M,N
0,1516,M,N
0,1517,M,N
0,1518,M,N
0,1519,M,N
0,1520,M,N
0,1521,M,E
0,1522,M,E
0,1523,M,E
0,1524,M,E
0,1525,M,N
0,1526,M,N
0,1527,M,N
0,1528,M,N
0,1529,M,N
0,1530,M,N
0,1531,M,N
0,1532,M,N
0,1533,M,N
0,1534,M,N
0,1535,M,N
0,1536,M,N
0,1537,M,N
0,1538,M,N
0,1539,M,N
0,1540,M,N
0,1541,M,N
0,1542,M,N
0,1543,M,N
0,1544,M,N
0,1545,M,N
0,1546,M,N
0,1547,M,N
0,1548,M,N
0,1549,M,N
0,1550,M,N
0,1551,M,N
0,1552,M,N
0,1553,M,N
0,1554,M,N
0,1555,M,N
0,1556,M,N
0,1557,M,N
0,1558,M,N
0,1559,M,N
0,1560,M,N
0,1561,M,N
0,1562,M,N
0,1563,M,N
0,1564,M,N
0,1565,M,S
0,1566,M,S
0,1567,M,S
0,1568,M,S
0,1569,M,S
0,1570,M,N
0,1571,M,N
0,1572,M,N
0,1573,M,N
0,1574,M,N
0,1575,M,N
0,1576,M,N
0,1577,M,N
0,1578,M,N
0,1579,M,N
0,1580,M,E
0,1581,M,E
0,1582,M,E
0,1583,M,N
0,1584,M,N
0,1585,M,N
0,1586,M,N
0,1587,M,N
0,1588,M,D
0,1589,M,D
0,1590,M,D
0,1591,M,D
0,1592,M,D
0,1593,M,N
0,1594,M,D
0,1595,M,D
0,1596,M,D
0,1597,M,N
0,1598,M,N
0,1599,M,N
0,1600,M,N
0,1601,M,N
0,1602,M,N
0,1603,M,N
0,1604,M,N
0,1605,M,D
0,1606,M,D
0,1607,M,D
0,1608,M,D
0,1609,M,N
0,1610,M,N
0,1611,M,N
0,1612,M,N
0,1613,M,N
0,1614,M,N
0,1615,M,N
0,1616,M,N
0,1617,M,N
0,1618,M,N
0,1619,M,N
0,1620,M,S
0,1621,M,S
0,1622,M,S
0,1623,M,S
0,1624,M,S
0,1625,M,N
0,1626,M,N
0,1627,M,N
0,1628,M,N
0,1629,M,N
0,1630,M,N
0,1631,M,N
0,1632,M,N
0,1633,M,N
0,1634,M,N
0,1635,M,N
0,1636,M,N
0,1637,M,N
0,1638,M,S
0,1639,M,S
0,1640,M,S
0,1641,M,N
0,1642,M,N
0,1643,M,N
0,1644,M,N
0,1645,M,N
0,1646,M,N
0,1647,M,N
0,1648,M,S
0,1649,M,S
0,1650,M,S
0,1651,M,S
0,1652,M,S
0,1653,M,S
0,1654,M,S
0,1655,M,N
0,1656,M,N
0,1657,M,N
0,1658,M,N
0,1659,M,N
0,1660,M,N
0,1661,M,N
0,1662,M,N
0,1663,M,N
0,1664,M,N
0,1665,M,N
0,1666,M,N
0,1667,M,N
0,1668,M,N
0,1669,M,N
0,1670,M,N
0,1671,M,N
0,1672,M,N
0,1673,M,N
0,1674,M,N
0,1675,M,N
0,1676,M,N
0,1677,M,N
0,1678,M,N
0,1679,M,N
0,1680,M,N
0,1681,M,N
0,1682,M,N
0,1683,M,N
0,1684,M,N
0,1685,M,N
0,1686,M,S
0,1687,M,S
0,1688,M,S
0,1689,M,S
0,1690,M,N
0,1691,M,N
0,1692,M,N
0,1693,M,N
0,1694,M,N
0,1695,M,N
0,1696,M,N
0,1697,M,N
0,1698,M,N
0,1699,M,N
0,1700,M,N
0,1701,M,N
0,1702,M,N
0,1703,M,N
0,1704,M,N
0,1705,M,N
0,1706,M,N
0,1707,M,N
0,1708,M,N
0,1709,M,N
0,1710,M,N
0,1711,M,N
0,1712,M,S
0,1713,M,S
0,1714,M,S
0,1715,M,S
0,1716,M,S
0,1717,M,S
0,1718,M,S
0,1719,M,N
0,1720,M,N
0,1721,M,N
0,1722,M,N
0,1723,M,N
0,1724,M,S
0,1725,M,S
0,1726,M,S
0,1727,M,S
0,1728,M,N
0,1729,M,N
0,1730,M,N
0,1731,M,S
0,1732,M,S
0,1733,M,S
0,1734,M,S
0,1735,M,S
0,1736,M,N
0,1737,M,N
0,1738,M,N
0,1739,M,N
0,1740,M,N
0,1741,M,N
0,1742,M,N
0,1743,M,N
0,1744,M,N
0,1745,M,N
0,1746,M,N
0,1747,M,N
0,1748,M,N
0,1749,M,N
0,1750,M,N
0,1751,M,N
0,1752,M,N
0,1753,M,N
0,1754,M,N
0,1755,M,N
0,1756,M,N
0,1757,M,N
0,1758,M,N
0,1759,M,N
0,1760,M,N
0,1761,M,E
0,1762,M,E
0,1763,M,E
0,1764,M,N
0,1765,M,N
0,1766,M,E
0,1767,M,E
0,1768,M,E
0,1769,M,E
0,1770,M,N
0,1771,M,N
0,1772,M,N
0,1773,M,N
0,1774,M,N
0,1775,M,N
0,1776,M,N
0,1777,M,N
0,1778,M,N
0,1779,M,N
0,1780,M,N
0,1781,M,N
0,1782,M,N
0,1783,M,N
0,1784,M,N
0,1785,M,N
0,1786,M,N
0,1787,M,N
0,1788,M,N
0,1789,M,N
0,1790,M,N
0,1791,M,N
0,1792,M,N
0,1793,M,N
0,1794,M,N
0,1795,M,N
0,1796,M,N
0,1797,M,N
0,1798,M,N
0,1799,M,N
0,1800,M,N
0,1801,M,N
0,1802,M,N
0,1803,M,N
0,1804,M,N
0,1805,M,N
0,1806,M,N
0,1807,M,N
0,1808,M,N
0,1809,M,N
0,1810,M,N
0,1811,M,N
0,1812,M,N
0,1813,M,N
0,1814,M,N
0,1815,M,N
0,1816,M,N
0,1817,M,N
0,1818,M,N
0,1819,M,N
0,1820,M,N
0,1821,M,N
0,1822,M,N
0,1823,M,N
0,1824,M,N
0,1825,M,N
0,1826,M,N
0,1827,M,N
0,1828,M,N
0,1829,M,N
0,1830,M,N
0,1831,M,N
0,1832,M,N
0,1833,M,N
0,1834,M,N
0,1835,M,N
0,1836,M,N
0,1837,M,N
0,1838,M,N
0,1839,M,N
0,1840,M,N
0,1841,M,N
0,1842,M,N
0,1843,M,S
0,1844,M,S
0,1845,M,S
0,1846,M,S
0,1847,M,S
0,1848,M,S
0,1849,M,N
0,1850,M,N
0,1851,M,N
0,1852,M,N
0,1853,M,N
0,1854,M,N
0,1855,M,N
0,1856,M,N
0,1857,M,N
0,1858,M,N
0,1859,M,N
0,1860,M,N
0,1861,M,N
0,1862,M,N
0,1863,M,N
0,1864,M,N
0,1865,M,N
0,1866,M,N
0,1867,M,N
0,1868,M,N
0,1869,M,N
0,1870,M,N
0,1871,M,N
0,1872,M,N
0,1873,M,N
0,1874,M,N
0,1875,M,N
0,1876,M,N
0,1877,M,N
0,1878,M,N
0,1879,M,N
0,1880,M,N
0,1881,M,N
0,1882,M,N
0,1883,M,N
0,1884,M,N
0,1885,M,N
0,1886,M,N
0,1887,M,N
0,1888,M,N
0,1889,M,N
0,1890,M,N
0,1891,M,N
0,1892,M,N
0,1893,M,N
0,1894,M,N
0,1895,M,N
0,1896,M,N
0,1897,M,N
0,1898,M,N
0,1899,M,N
0,1900,M,S
0,1901,M,S
0,1902,M,S
0,1903,M,S
0,1904,M,S
0,1905,M,N
0,1906,M,N
0,1907,M,N
0,1908,M,N
0,1909,M,N
0,1910,M,N
0,1911,M,N
0,1912,M,N
0,1913,M,N
0,1914,M,N
0,1915,M,N
0,1916,M,N
0,1917,M,N
0,1918,M,N
0,1919,M,N
0,1920,M,N
0,1921,M,N
0,1922,M,N
0,1923,M,N
0,1924,M,N
0,1925,M,N
0,1926,M,N
0,1927,M,N
0,1928,M,N
0,1929,M,N
0,1930,M,N
0,1931,M,N
0,1932,M,N
0,1933,M,N
0,1934,M,N
0,1935,M,N
0,1936,M,N
0,1937,M,N
0,1938,M,N
0,1939,M,N
0,1940,M,N
0,1941,M,N
0,1942,M,N
0,1943,M,N
0,1944,M,N
0,1945,M,N
0,1946,M,N
0,1947,M,N
0,1948,M,S
0,1949,M,S
0,1950,M,S
0,1951,M,S
0,1952,M,N
0,1953,M,N
0,1954,M,N
0,1955,M,N
0,1956,M,N
0,1957,M,N
0,1958,M,N
0,1959,M,N
0,1960,M,N
0,1961,M,N
0,1962,M,N
0,1963,M,N
0,1964,M,N
0,1965,M,N
0,1966,M,N
0,1967,M,N
0,1968,M,N
0,1969,M,N
0,1970,M,N
0,1971,M,N
0,1972,M,N
0,1973,M,N
0,1974,M,N
0,1975,M,N
0,1976,M,N
0,1977,M,N
0,1978,M,N
0,1979,M,N
0,1980,M,N
0,1981,M,N
0,1982,M,N
0,1983,M,N
0,1984,M,N
0,1985,M,N
0,1986,M,N
0,1987,M,N
0,1988,M,N
0,1989,M,N
0,1990,M,N
0,1991,M,N
0,1992,M,N
0,1993,M,N
0,1994,M,N
0,1995,M,N
0,1996,M,N
0,1997,M,N
0,1998,M,N
0,1999,M,N
0,2000,M,N
0,2001,M,N
0,2002,M,N
0,2003,M,N
0,2004,M,N
0,2005,M,N
0,2006,M,N
0,2007,M,N
0,2008,M,N
0,2009,M,D
0,2010,M,D
0,2011,M,D
0,2012,M,D
0,2013,M,D
0,2014,M,N
0,2015,M,N
0,2016,M,N
0,2017,M,N
0,2018,M,N
0,2019,M,N
0,2020,M,N
0,2021,M,N
0,2022,M,D
0,2023,M,D
0,2024,M,D
0,2025,M,D
0,2026,M,N
0,2027,M,N
0,2028,M,D
0,2029,M,D
0,2030,M,D
0,2031,M,D
0,2032,M,N
0,2033,M,N
0,2034,M,N
0,2035,M,N
0,2036,M,N
0,2037,M,N
0,2038,M,N
0,2039,M,N
0,2040,M,N
0,2041,M,N
0,2042,M,N
0,2043,M,N
0,2044,M,N
0,2045,M,N
0,2046,M,N
0,2047,M,N
0,2048,M,N
0,2049,M,N
0,2050,M,N
0,2051,M,N
0,2052,M,N
0,2053,M,N
0,2054,M,N
0,2055,M,N
0,2056,M,N
0,2057,M,N
0,2058,M,S
0,2059,M,S
0,2060,M,S
0,2061,M,S
0,2062,M,S
0,2063,M,N
0,2064,M,N
0,2065,M,N
0,2066,M,N
0,2067,M,N
0,2068,M,N
0,2069,M,S
0,2070,M,S
0,2071,M,S
0,2072,M,S
0,2073,M,S
0,2074,M,S
0,2075,M,N
0,2076,M,N
0,2077,M,N
0,2078,M,N
0,2079,M,N
0,2080,M,N
0,2081,M,N
0,2082,M,N
0,2083,M,N
0,2084,M,N
0,2085,M,N
0,2086,M,N
0,2087,M,N
0,2088,M,N
0,2089,M,N
0,2090,M,N
0,2091,M,N
0,2092,M,D
0,2093,M,D
0,2094,M,D
0,2095,M,D
0,2096,M,D
0,2097,M,D
0,2098,M,D
0,2099,M,N
0,2100,M,N
0,2101,M,N
0,2102,M,N
0,2103,M,N
0,2104,M,N
0,2105,M,N
0,2106,M,N
0,2107,M,N
0,2108,M,N
0,2109,M,N
0,2110,M,N
0,2111,M,N
0,2112,M,D
0,2113,M,D
0,2114,M,D
0,2115,M,N
0,2116,M,N
0,2117,M,N
0,2118,M,N
0,2119,M,N
0,2120,M,N
0,2121,M,N
0,2122,M,N
0,2123,M,N
0,2124,M,N
0,2125,M,D
0,2126,M,D
0,2127,M,D
0,2128,M,D
0,2129,M,N
0,2130,M,N
0,2131,M,N
0,2132,M,N
0,2133,M,N
0,2134,M,E
0,2135,M,E
0,2136,M,E
0,2137,M,E
0,2138,M,N
0,2139,M,N
0,2140,M,N
0,2141,M,N
0,2142,M,S
0,2143,M,S
0,2144,M,S
0,2145,M,S
0,2146,M,S
0,2147,M,N
0,2148,M,N
0,2149,M,N
0,2150,M,S
0,2151,M,S
0,2152,M,S
0,2153,M,S
0,2154,M,S
0,2155,M,S
0,2156,M,N
0,2157,M,N
0,2158,M,N
0,2159,M,N
0,2160,M,N
0,2161,M,N
0,2162,M,N
0,2163,M,N
0,2164,M,N
0,2165,M,N
0,2166,M,N
0,2167,M,S
0,2168,M,S
0,2169,M,S
0,2170,M,N
0,2171,M,N
0,2172,M,N
0,2173,M,N
0,2174,M,N
0,2175,M,N
0,2176,M,N
0,2177,M,N
0,2178,M,N
0,2179,M,N
0,2180,M,N
0,2181,M,N
0,2182,M,N
0,2183,M,N
0,2184,M,N
0,2185,M,N
0,2186,M,N
0,2187,M,N
0,2188,M,N
0,2189,M,N
0,2190,M,N
0,2191,M,N
0,2192,M,N
0,2193,M,N
0,2194,M,N
0,2195,M,N
0,2196,M,N
0,2197,M,N
0,2198,M,N
0,2199,M,N
0,2200,M,N
0,2201,M,N
0,2202,M,N
0,2203,M,N
0,2204,M,N
0,2205,M,N
0,2206,M,N
0,2207,M,N
0,2208,M,N
0,2209,M,N
0,2210,M,N
0,2211,M,N
0,2212,M,N
0,2213,M,N
0,2214,M,N
0,2215,M,N
0,2216,M,N
0,2217,M,N
0,2218,M,N
0,2219,M,N
0,2220,M,N
0,2221,M,N
0,2222,M,E
0,2223,M,E
0,2224,M,E
0,2225,M,N
0,2226,M,N
0,2227,M,N
0,2228,M,N
0,2229,M,N
0,2230,M,N
0,2231,M,N
0,2232,M,N
0,2233,M,N
0,2234,M,N
0,2235,M,N
0,2236,M,N
0,2237,M,N
0,2238,M,N
0,2239,M,N
0,2240,M,N
0,2241,M,N
0,2242,M,N
0,2243,M,N
0,2244,M,N
0,2245,M,N
0,2246,M,N
0,2247,M,N
0,2248,M,N
0,2249,M,N
0,2250,M,N
0,2251,M,N
0,2252,M,N
0,2253,M,N
0,2254,M,N
0,2255,M,N
0,2256,M,N
0,2257,M,N
0,2258,M,N
0,2259,M,N
0,2260,M,N
0,2261,M,N
0,2262,M,N
0,2263,M,N
0,2264,M,N
0,2265,M,N
0,2266,M,N
0,2267,M,N
0,2268,M,N
0,2269,M,N
0,2270,M,N
0,2271,M,N
0,2272,M,N
0,2273,M,N
0,2274,M,N
0,2275,M,N
0,2276,M,N
0,2277,M,N
0,2278,M,N
0,2279,M,N
0,2280,M,N
0,2281,M,N
0,2282,M,N
0,2283,M,N
0,2284,M,N
0,2285,M,N
0,2286,M,N
0,2287,M,N
0,2288,M,N
0,2289,M,N
0,2290,M,N
0,2291,M,N
0,2292,M,N
0,2293,M,N
0,2294,M,N
0,2295,M,N
0,2296,M,N
0,2297,M,N
0,2298,M,N
0,2299,M,N
0,2300,M,N
0,2301,M,N
0,2302,M,N
0,2303,M,N
0,2304,M,N
0,2305,M,N
0,2306,M,N
0,2307,M,N
0,2308,M,N
0,2309,M,N
0,2310,M,N
0,2311,M,N
0,2312,M,N
0,2313,M,N
0,2314,M,N
0,2315,M,N
0,2316,M,N
0,2317,M,N
0,2318,M,N
0,2319,M,N
0,2320,M,N
0,2321,M,N
0,2322,M,N
0,2323,M,N
0,2324,M,N
0,2325,M,N
0,2326,M,N
0,2327,M,N
0,2328,M,N
0,2329,M,N
0,2330,M,N
0,2331,M,N
0,2332,M,N
0,2333,M,N
0,2334,M,N
0,2335,M,N
0,2336,M,N
0,2337,M,N
0,2338,M,N
0,2339,M,N
0,2340,M,N
0,2341,M,N
0,2342,M,N
0,2343,M,N
0,2344,M,N
0,2345,M,N
0,2346,M,N
0,2347,M,N
0,2348,M,N
0,2349,M,N
0,2350,M,N
0,2351,M,N
0,2352,M,N
0,2353,M,N
0,2354,M,N
0,2355,M,N
0,2356,M,N
0,2357,M,N
0,2358,M,N
0,2359,M,N
0,2360,M,N
0,2361,M,N
0,2362,M,N
0,2363,M,N
0,2364,M,N
0,2365,M,N
0,2366,M,N
0,2367,M,N
0,2368,M,N
0,2369,M,N
0,2370,M,N
0,2371,M,N
0,2372,M,N
0,2373,M,N
0,2374,M,N
0,2375,M,N
0,2376,M,N
0,2377,M,N
0,2378,M,N
0,2379,M,N
0,2380,M,N
0,2381,M,N
0,2382,M,N
0,2383,M,N
0,2384,M,N
0,2385,M,N
0,2386,M,N
0,2387,M,N
0,2388,M,N
0,2389,M,N
0,2390,M,N
0,2391,M,N
0,2392,M,N
0,2393,M,N
0,2394,M,N
0,2395,M,N
0,2396,M,N
0,2397,M,N
0,2398,M,N
0,2399,M,N
0,2400,M,N
0,2401,M,N
0,2402,M,N
0,2403,M,N
0,2404,M,N
0,2405,M,N
0,2406,M,N
0,2407,M,N
0,2408,M,N
0,2409,M,N
0,2410,M,N
0,2411,M,N
0,2412,M,N
0,2413,M,N
0,2414,M,N
0,2415,M,N
0,2416,M,N
0,2417,M,N
0,2418,M,N
0,2419,M,N
0,2420,M,N
0,2421,M,N
0,2422,M,N
0,2423,M,N
0,2424,M,N
0,2425,M,N
0,2426,M,N
0,2427,M,N
0,2428,M,N
0,2429,M,N
0,2430,M,N
0,2431,M,N
0,2432,M,N
0,2433,M,N
0,2434,M,N
0,2435,M,N
0,2436,M,N
0,2437,M,N
0,2438,M,N
0,2439,M,N
0,2440,M,N
0,2441,M,N
0,2442,M,N
0,2443,M,N
0,2444,M,N
0,2445,M,N
0,2446,M,N
0,2447,M,N
0,2448,M,N
0,2449,M,N
0,2450,M,N
0,2451,M,N
0,2452,M,N
0,2453,M,N
0,2454,M,E
0,2455,M,E
0,2456,M,E
0,2457,M,E
0,2458,M,N
0,2459,M,N
0,2460,M,N
0,2461,M,N
0,2462,M,N
0,2463,M,N
0,2464,M,N
0,2465,M,N
0,2466,M,N
0,2467,M,N
0,2468,M,N
0,2469,M,N
0,2470,M,N
0,2471,M,N
0,2472,M,N
0,2473,M,N
0,2474,M,N
0,2475,M,N
0,2476,M,N
0,2477,M,N
0,2478,M,N
0,2479,M,N
0,2480,M,N
0,2481,M,N
0,2482,M,N
0,2483,M,N
0,2484,M,N
0,2485,M,N
0,2486,M,N
0,2487,M,N
0,2488,M,N
0,2489,M,N
0,2490,M,N
0,2491,M,N
0,2492,M,N
0,2493,M,N
0,2494,M,N
0,2495,M,N
0,2496,M,N
0,2497,M,N
0,2498,M,N
0,2499,M,N
0,2500,M,N
0,2501,M,N
0,2502,M,N
0,2503,M,N
0,2504,M,N
0,2505,M,N
0,2506,M,D
0,2507,M,D
0,2508,M,D
0,2509,M,D
0,2510,M,N
0,2511,M,N
0,2512,M,N
0,2513,M,N
0,2514,M,N
0,2515,M,N
0,2516,M,N
0,2517,M,N
0,2518,M,N
0,2519,M,N
0,2520,M,N
0,2521,M,N
0,2522,M,N
0,2523,M,N
0,2524,M,N
0,2525,M,S
0,2526,M,S
0,2527,M,S
0,2528,M,S
0,2529,M,S
0,2530,M,S
0,2531,M,S
0,2532,M,S
0,2533,M,N
0,2534,M,N
0,2535,M,N
0,2536,M,N
0,2537,M,N
0,2538,M,N
0,2539,M,N
0,2540,M,N
0,2541,M,N
0,2542,M,N
0,2543,M,N
0,2544,M,S
0,2545,M,S
0,2546,M,S
0,2547,M,S
0,2548,M,S
0,2549,M,S
0,2550,M,N
0,2551,M,N
0,2552,M,N
0,2553,M,E
0,2554,M,E
0,2555,M,E
0,2556,M,E
0,2557,M,N
0,2558,M,N
0,2559,M,N
0,2560,M,N
0,2561,M,N
0,2562,M,N
0,2563,M,N
0,2564,M,N
0,2565,M,N
0,2566,M,N
0,2567,M,N
0,2568,M,N
0,2569,M,N
0,2570,M,N
0,2571,M,N
0,2572,M,N
0,2573,M,N
0,2574,M,N
0,2575,M,N
0,2576,M,N
0,2577,M,N
0,2578,M,N
0,2579,M,N
0,2580,M,N
0,2581,M,N
0,2582,M,N
0,2583,M,N
0,2584,M,N
0,2585,M,N
0,2586,M,N
0,2587,M,N
0,2588,M,N
0,2589,M,N
0,2590,M,N
0,2591,M,N
0,2592,M,N
0,2593,M,N
0,2594,M,N
0,2595,M,N
0,2596,M,N
0,2597,M,N
0,2598,M,N
0,2599,M,N
0,2600,M,N
0,2601,M,N
0,2602,M,N
0,2603,M,N
0,2604,M,N
0,2605,M,N
0,2606,M,N
0,2607,M,N
0,2608,M,N
0,2609,M,N
0,2610,M,N
0,2611,M,N
0,2612,M,N
0,2613,M,N
0,2614,M,N
0,2615,M,N
0,2616,M,N
0,2617,M,N
0,2618,M,N
0,2619,M,N
0,2620,M,N
0,2621,M,N
0,2622,M,N
0,2623,M,N
0,2624,M,N
0,2625,M,N
0,2626,M,N
0,2627,M,N
0,2628,M,N
0,2629,M,N
0,2630,M,N
0,2631,M,N
0,2632,M,N
0,2633,M,N
0,2634,M,N
0,2635,M,N
0,2636,M,N
0,2637,M,N
0,2638,M,N
0,2639,M,N
0,2640,M,N
0,2641,M,N
0,2642,M,N
0,2643,M,N
0,2644,M,N
0,2645,M,N
0,2646,M,N
0,2647,M,S
0,2648,M,S
0,2649,M,S
0,2650,M,S
0,2651,M,S
0,2652,M,S
0,2653,M,N
0,2654,M,S
0,2655,M,S
0,2656,M,S
0,2657,M,S
0,2658,M,S
0,2659,M,S
0,2660,M,N
0,2661,M,N
0,2662,M,N
0,2663,M,N
0,2664,M,N
0,2665,M,N
0,2666,M,N
0,2667,M,N
0,2668,M,N
0,2669,M,N
0,2670,M,N
0,2671,M,N
0,2672,M,N
0,2673,M,N
0,2674,M,N
0,2675,M,N
0,2676,M,N
0,2677,M,N
0,2678,M,N
0,2679,M,E
0,2680,M,E
0,2681,M,E
0,2682,M,E
0,2683,M,E
0,2684,M,E
0,2685,M,E
0,2686,M,E
0,2687,M,N
0,2688,M,N
0,2689,M,N
0,2690,M,N
0,2691,M,S
0,2692,M,S
0,2693,M,S
0,2694,M,S
0,2695,M,S
0,2696,M,N
0,2697,M,N
0,2698,M,N
0,2699,M,N
0,2700,M,N
0,2701,M,N
0,2702,M,N
0,2703,M,N
0,2704,M,N
0,2705,M,N
0,2706,M,N
0,2707,M,N
0,2708,M,N
0,2709,M,N
0,2710,M,N
0,2711,M,N
0,2712,M,N
0,2713,M,N
0,2714,M,N
0,2715,M,N
0,2716,M,N
0,2717,M,N
0,2718,M,N
0,2719,M,N
0,2720,M,N
0,2721,M,N
0,2722,M,N
0,2723,M,N
0,2724,M,N
0,2725,M,N
0,2726,M,D
0,2727,M,D
0,2728,M,D
0,2729,M,D
0,2730,M,D
0,2731,M,N
0,2732,M,N
0,2733,M,N
0,2734,M,N
0,2735,M,D
0,2736,M,D
0,2737,M,D
0,2738,M,D
0,2739,M,D
0,2740,M,D
0,2741,M,N
0,2742,M,N
0,2743,M,N
0,2744,M,N
0,2745,M,N
0,2746,M,N
0,2747,M,N
0,2748,M,N
0,2749,M,N
0,2750,M,N
0,2751,M,N
0,2752,M,N
0,2753,M,N
0,2754,M,N
0,2755,M,N
0,2756,M,N
0,2757,M,N
0,2758,M,N
0,2759,M,N
0,2760,M,N
0,2761,M,E
0,2762,M,E
0,2763,M,E
0,2764,M,E
0,2765,M,N
0,2766,M,N
0,2767,M,N
0,2768,M,N
0,2769,M,N
0,2770,M,N
0,2771,M,N
0,2772,M,N
0,2773,M,N
0,2774,M,N
0,2775,M,N
0,2776,M,N
0,2777,M,N
0,2778,M,N
0,2779,M,N
0,2780,M,N
0,2781,M,N
0,2782,M,N
0,2783,M,N
0,2784,M,N
0,2785,M,N
0,2786,M,N
0,2787,M,N
0,2788,M,S
0,2789,M,S
0,2790,M,S
0,2791,M,S
0,2792,M,N
0,2793,M,N
0,2794,M,N
0,2795,M,N
0,2796,M,N
0,2797,M,N
0,2798,M,N
0,2799,M,N
0,2800,M,N
0,2801,M,N
0,2802,M,N
0,2803,M,N
0,2804,M,N
0,2805,M,N
0,2806,M,N
0,2807,M,N
0,2808,M,N
0,2809,M,N
0,2810,M,N
0,2811,M,N
0,2812,M,N
0,2813,M,N
0,2814,M,N
0,2815,M,N
0,2816,M,N
0,2817,M,N
0,2818,M,N
0,2819,M,N
0,2820,M,N
0,2821,M,N
0,2822,M,N
0,2823,M,N
0,2824,M,N
0,2825,M,N
0,2826,M,N
0,2827,M,N
0,2828,M,N
0,2829,M,N
0,2830,M,N
0,2831,M,N
0,2832,M,N
0,2833,M,N
0,2834,M,N
0,2835,M,N
0,2836,M,N
0,2837,M,N
0,2838,M,N
0,2839,M,N
0,2840,M,N
0,2841,M,N
0,2842,M,N
0,2843,M,N
0,2844,M,N
0,2845,M,N
0,2846,M,N
0,2847,M,N
0,2848,M,N
0,2849,M,N
0,2850,M,N
0,2851,M,N
0,2852,M,N
0,2853,M,N
0,2854,M,N
0,2855,M,N
0,2856,M,N
0,2857,M,N
0,2858,M,N
0,2859,M,N
0,2860,M,N
0,2861,M,N
0,2862,M,N
0,2863,M,N
0,2864,M,N
0,2865,M,N
0,2866,M,N
0,2867,M,N
0,2868,M,N
0,2869,M,N
0,2870,M,N
0,2871,M,N
0,2872,M,N
0,2873,M,N
0,2874,M,N
0,2875,M,N
0,2876,M,N
0,2877,M,N
0,2878,M,N
0,2879,M,N
0,2880,M,N
0,2881,M,N
0,2882,M,N
0,2883,M,N
0,2884,M,N
0,2885,M,N
0,2886,M,N
0,2887,M,N
0,2888,M,N
0,2889,M,N
0,2890,M,N
0,2891,M,N
0,2892,M,N
0,2893,M,N
0,2894,M,N
0,2895,M,N
0,2896,M,N
0,2897,M,N
0,2898,M,N
0,2899,M,N
0,2900,M,S
0,2901,M,S
0,2902,M,S
0,2903,M,S
0,2904,M,N
0,2905,M,N
0,2906,M,N
0,2907,M,N
0,2908,M,N
0,2909,M,N
0,2910,M,N
0,2911,M,N
0,2912,M,N
0,2913,M,N
0,2914,M,N
0,2915,M,N
0,2916,M,N
0,2917,M,N
0,2918,M,N
0,2919,M,N
0,2920,M,E
0,2921,M,E
0,2922,M,E
0,2923,M,E
0,2924,M,E
0,2925,M,N
0,2926,M,N
0,2927,M,N
0,2928,M,N
0,2929,M,N
0,2930,M,N
0,2931,M,N
0,2932,M,N
0,2933,M,N
0,2934,M,N
0,2935,M,N
0,2936,M,N
0,2937,M,E
0,2938,M,E
0,2939,M,E
0,2940,M,E
0,2941,M,E
0,2942,M,E
0,2943,M,E
0,2944,M,N
0,2945,M,N
0,2946,M,D
0,2947,M,D
0,2948,M,D
0,2949,M,D
0,2950,M,D
0,2951,M,N
0,2952,M,N
0,2953,M,N
0,2954,M,N
0,2955,M,N
0,2956,M,N
0,2957,M,N
0,2958,M,N
0,2959,M,N
0,2960,M,N
0,2961,M,N
0,2962,M,N
0,2963,M,N
0,2964,M,N
0,2965,M,S
0,2966,M,S
0,2967,M,S
0,2968,M,S
0,2969,M,N
0,2970,M,N
0,2971,M,N
0,2972,M,N
0,2973,M,S
0,2974,M,S
0,2975,M,S
0,2976,M,N
0,2977,M,N
0,2978,M,N
0,2979,M,N
0,2980,M,N
0,2981,M,N
0,2982,M,N
0,2983,M,N
0,2984,M,N
0,2985,M,N
0,2986,M,S
0,2987,M,S
0,2988,M,S
0,2989,M,S
0,2990,M,S
0,2991,M,N
0,2992,M,N
0,2993,M,N
0,2994,M,N
0,2995,M,N
0,2996,M,N
0,2997,M,N
0,2998,M,S
0,2999,M,S
0,3000,M,S
0,3001,M,S
0,3002,M,S
0,3003,M,N
0,3004,M,N
0,3005,M,N
0,3006,M,N
0,3007,M,N
0,3008,M,N
0,3009,M,N
0,3010,M,N
0,3011,M,N
0,3012,M,N
0,3013,M,N
0,3014,M,N
0,3015,M,N
0,3016,M,N
0,3017,M,N
0,3018,M,S
0,3019,M,S
0,3020,M,S
0,3021,M,S
0,3022,M,N
0,3023,M,N
0,3024,M,N
0,3025,M,N
0,3026,M,N
0,3027,M,N
0,3028,M,N
0,3029,M,N
0,3030,M,N
0,3031,M,N
0,3032,M,N
0,3033,M,N
0,3034,M,N
0,3035,M,N
0,3036,M,N
0,3037,M,N
0,3038,M,N
0,3039,M,N
0,3040,M,N
0,3041,M,N
0,3042,M,N
0,3043,M,N
0,3044,M,N
0,3045,M,N
0,3046,M,N
0,3047,M,N
0,3048,M,N
0,3049,M,N
0,3050,M,N
0,3051,M,N
0,3052,M,N
0,3053,M,N
0,3054,M,N
0,3055,M,N
0,3056,M,N
0,3057,M,N
0,3058,M,N
0,3059,M,N
0,3060,M,N
0,3061,M,N
0,3062,M,N
0,3063,M,N
0,3064,M,N
0,3065,M,N
0,3066,M,N
0,3067,M,N
0,3068,M,N
0,3069,M,N
0,3070,M,N
0,3071,M,N
0,3072,M,N
0,3073,M,N
0,3074,M,N
0,3075,M,N
0,3076,M,D
0,3077,M,D
0,3078,M,D
0,3079,M,D
0,3080,M,N
0,3081,M,N
0,3082,M,N
0,3083,M,N
0,3084,M,D
0,3085,M,D
0,3086,M,D
0,3087,M,D
0,3088,M,N
0,3089,M,N
0,3090,M,N
0,3091,M,N
0,3092,M,N
0,3093,M,N
0,3094,M,S
0,3095,M,S
0,3096,M,S
0,3097,M,S
0,3098,M,N
0,3099,M,N
0,3100,M,N
0,3101,M,N
0,3102,M,N
0,3103,M,N
0,3104,M,N
0,3105,M,N
0,3106,M,N
0,3107,M,N
0,3108,M,N
0,3109,M,N
0,3110,M,N
0,3111,M,N
0,3112,M,N
0,3113,M,N
0,3114,M,N
0,3115,M,N
0,3116,M,N
0,3117,M,E
0,3118,M,E
0,3119,M,E
0,3120,M,N
0,3121,M,N
0,3122,M,N
0,3123,M,N
0,3124,M,N
0,3125,M,N
0,3126,M,N
0,3127,M,N
0,3128,M,N
0,3129,M,N
0,3130,M,N
0,3131,M,N
0,3132,M,N
0,3133,M,N
0,3134,M,N
0,3135,M,N
0,3136,M,N
0,3137,M,N
0,3138,M,N
0,3139,M,N
0,3140,M,N
0,3141,M,N
0,3142,M,N
0,3143,M,N
0,3144,M,N
0,3145,M,N
0,3146,M,N
0,3147,M,N
0,3148,M,N
0,3149,M,N
0,3150,M,N
0,3151,M,N
0,3152,M,N
0,3153,M,N
0,3154,M,N
0,3155,M,N
0,3156,M,N
0,3157,M,N
0,3158,M,N
0,3159,M,N
0,3160,M,S
0,3161,M,S
0,3162,M,S
0,3163,M,S
0,3164,M,N
0,3165,M,N
0,3166,M,N
0,3167,M,N
0,3168,M,N
0,3169,M,S
0,3170,M,S
0,3171,M,S
0,3172,M,S
0,3173,M,S
0,3174,M,N
0,3175,M,N
0,3176,M,N
0,3177,M,N
0,3178,M,N
0,3179,M,N
0,3180,M,N
0,3181,M,N
0,3182,M,N
0,3183,M,N
0,3184,M,N
0,3185,M,N
0,3186,M,N
0,3187,M,N
0,3188,M,N
0,3189,M,N
0,3190,M,N
0,3191,M,N
0,3192,M,N
0,3193,M,N
0,3194,M,N
0,3195,M,E
0,3196,M,E
0,3197,M,E
0,3198,M,E
0,3199,M,E
0,3200,M,E
0,3201,M,N
0,3202,M,N
0,3203,M,E
0,3204,M,E
0,3205,M,E
0,3206,M,E
0,3207,M,E
0,3208,M,N
0,3209,M,N
0,3210,M,N
0,3211,M,E
0,3212,M,E
0,3213,M,E
0,3214,M,N
0,3215,M,N
0,3216,M,N
0,3217,M,N
0,3218,M,N
0,3219,M,N
0,3220,M,N
0,3221,M,E
0,3222,M,E
0,3223,M,E
0,3224,M,E
0,3225,M,N
0,3226,M,N
0,3227,M,N
0,3228,M,N
0,3229,M,N
0,3230,M,B
0,3231,M,B
0,3232,M,B
0,3233,M,B
0,3234,M,N
0,3235,M,B
0,3236,M,B
0,3237,M,B
0,3238,M,B
0,3239,M,B
0,3240,M,N
0,3241,M,N
0,3242,M,N
0,3243,M,N
0,3244,M,N
0,3245,M,N
0,3246,M,N
0,3247,M,N
0,3248,M,N
0,3249,M,N
0,3250,M,N
0,3251,M,N
0,3252,M,N
0,3253,M,N
0,3254,M,N
0,3255,M,N
0,3256,M,N
0,3257,M,N
0,3258,M,N
0,3259,M,N
0,3260,M,N
0,3261,M,E
0,3262,M,E
0,3263,M,E
0,3264,M,E
0,3265,M,N
0,3266,M,N
0,3267,M,N
0,3268,M,N
0,3269,M,N
0,3270,M,N
0,3271,M,N
0,3272,M,N
0,3273,M,N
0,3274,M,N
0,3275,M,N
0,3276,M,N
0,3277,M,N
0,3278,M,N
0,3279,M,N
0,3280,M,N
0,3281,M,N
0,3282,M,D
0,3283,M,D
0,3284,M,D
0,3285,M,D
0,3286,M,N
0,3287,M,N
0,3288,M,N
0,3289,M,N
0,3290,M,N
0,3291,M,N
0,3292,M,N
0,3293,M,N
0,3294,M,N
0,3295,M,N
0,3296,M,N
0,3297,M,N
0,3298,M,N
0,3299,M,N
0,3300,M,N
0,3301,M,N
0,3302,M,E
0,3303,M,E
0,3304,M,E
0,3305,M,E
0,3306,M,N
0,3307,M,N
0,3308,M,N
0,3309,M,N
0,3310,M,N
0,3311,M,N
0,3312,M,N
0,3313,M,N
0,3314,M,N
0,3315,M,N
0,3316,M,N
0,3317,M,N
0,3318,M,N
0,3319,M,N
0,3320,M,N
0,3321,M,N
0,3322,M,N
0,3323,M,N
0,3324,M,N
0,3325,M,N
0,3326,M,N
0,3327,M,N
0,3328,M,N
0,3329,M,N
0,3330,M,N
0,3331,M,N
0,3332,M,N
0,3333,M,N
0,3334,M,N
0,3335,M,N
0,3336,M,N
0,3337,M,N
0,3338,M,N
0,3339,M,N
0,3340,M,N
0,3341,M,N
0,3342,M,N
0,3343,M,N
0,3344,M,N
0,3345,M,N
0,3346,M,N
0,3347,M,N
0,3348,M,N
0,3349,M,N
0,3350,M,N
0,3351,M,N
0,3352,M,N
0,3353,M,N
0,3354,M,N
0,3355,M,N
0,3356,M,N
0,3357,M,S
0,3358,M,S
0,3359,M,S
0,3360,M,S
0,3361,M,N
0,3362,M,S
0,3363,M,S
0,3364,M,S
0,3365,M,S
0,3366,M,N
0,3367,M,N
0,3368,M,N
0,3369,M,N
0,3370,M,N
0,3371,M,N
0,3372,M,N
0,3373,M,N
0,3374,M,N
0,3375,M,N
0,3376,M,N
0,3377,M,N
0,3378,M,N
0,3379,M,N
0,3380,M,E
0,3381,M,E
0,3382,M,E
0,3383,M,E
0,3384,M,E
0,3385,M,N
0,3386,M,N
0,3387,M,N
0,3388,M,N
0,3389,M,N
0,3390,M,N
0,3391,M,N
0,3392,M,N
0,3393,M,N
0,3394,M,N
0,3395,M,N
0,3396,M,N
0,3397,M,N
0,3398,M,N
0,3399,M,N
0,3400,M,N
0,3401,M,N
0,3402,M,N
0,3403,M,N
0,3404,M,N
0,3405,M,N
0,3406,M,N
0,3407,M,N
0,3408,M,N
0,3409,M,N
0,3410,M,N
0,3411,M,N
0,3412,M,N
0,3413,M,N
0,3414,M,B
0,3415,M,B
0,3416,M,D
0,3417,M,D
0,3418,M,N
0,3419,M,D
0,3420,M,D
0,3421,M,D
0,3422,M,D
0,3423,M,N
0,3424,M,N
0,3425,M,N
0,3426,M,N
0,3427,M,N
0,3428,M,N
0,3429,M,N
0,3430,M,N
0,3431,M,N
0,3432,M,E
0,3433,M,E
0,3434,M,E
0,3435,M,E
0,3436,M,E
0,3437,M,N
0,3438,M,N
0,3439,M,N
0,3440,M,N
0,3441,M,N
0,3442,M,N
0,3443,M,N
0,3444,M,N
0,3445,M,N
0,3446,M,N
0,3447,M,N
0,3448,M,N
0,3449,M,N
0,3450,M,N
0,3451,M,N
0,3452,M,D
0,3453,M,D
0,3454,M,D
0,3455,M,D
0,3456,M,D
0,3457,M,D
0,3458,M,D
0,3459,M,D
0,3460,M,D
0,3461,M,N
0,3462,M,N
0,3463,M,E
0,3464,M,E
0,3465,M,E
0,3466,M,N
0,3467,M,E
0,3468,M,E
0,3469,M,E
0,3470,M,E
0,3471,M,N
0,3472,M,N
0,3473,M,N
0,3474,M,N
0,3475,M,N
0,3476,M,N
0,3477,M,N
0,3478,M,N
0,3479,M,N
0,3480,M,N
0,3481,M,N
0,3482,M,N
0,3483,M,N
0,3484,M,N
0,3485,M,E
0,3486,M,E
0,3487,M,E
0,3488,M,E
0,3489,M,N
0,3490,M,N
0,3491,M,N
0,3492,M,N
0,3493,M,N
0,3494,M,N
0,3495,M,N
0,3496,M,N
0,3497,M,N
0,3498,M,N
0,3499,M,N
0,3500,M,N
0,3501,M,N
0,3502,M,N
0,3503,M,N
0,3504,M,N
0,3505,M,N
0,3506,M,N
0,3507,M,N
0,3508,M,N
0,3509,M,N
0,3510,M,N
0,3511,M,N
0,3512,M,N
0,3513,M,N
0,3514,M,N
0,3515,M,N
0,3516,M,N
0,3517,M,N
0,3518,M,N
0,3519,M,N
0,3520,M,N
0,3521,M,N
0,3522,M,N
0,3523,M,N
0,3524,M,N
0,3525,M,N
0,3526,M,N
0,3527,M,N
0,3528,M,N
0,3529,M,N
0,3530,M,N
0,3531,M,N
0,3532,M,N
0,3533,M,N
0,3534,M,N
0,3535,M,N
0,3536,M,N
0,3537,M,N
0,3538,M,N
0,3539,M,N
0,3540,M,N
0,3541,M,N
0,3542,M,N
0,3543,M,N
0,3544,M,N
0,3545,M,N
0,3546,M,N
0,3547,M,N
0,3548,M,N
0,3549,M,N
0,3550,M,N
0,3551,M,N
0,3552,M,N
0,3553,M,N
0,3554,M,N
0,3555,M,N
0,3556,M,N
0,3557,M,N
0,3558,M,N
0,3559,M,N
0,3560,M,N
0,3561,M,N
0,3562,M,N
0,3563,M,N
0,3564,M,N
0,3565,M,N
0,3566,M,N
0,3567,M,N
0,3568,M,N
0,3569,M,N
0,3570,M,N
0,3571,M,N
0,3572,M,N
0,3573,M,N
0,3574,M,N
0,3575,M,N
0,3576,M,N
0,3577,M,N
0,3578,M,N
0,3579,M,N
0,3580,M,N
0,3581,M,N
0,3582,M,N
0,3583,M,B
0,3584,M,B
0,3585,M,B
0,3586,M,N
0,3587,M,E
0,3588,M,E
0,3589,M,E
0,3590,M,E
0,3591,M,N
0,3592,M,N
0,3593,M,N
0,3594,M,N
